1,0,0,0,0,0,0,0,0,0,0,0,0,0,0,0,0,0,0,0,0,0,0,0,0,0,0,0,0,0,0,
-2.10396,-0.889918,-2.83067,0,0,0,0,0,0,0,0,0,0,0,0,0,0,0,0,0,0,0,0,0,0,0,0,0,0,0,0,
-0.717104,-0.483767,-0.0234034,0,0,0,0,0,0,0,0,0,0,0,0,0,0,0,0,0,0,0,0,0,0,0,0,0,0,0,0,
1.38031,-0.812232,0.672723,0,0,0,0,0,0,0,0,0,0,0,0,0,0,0,0,0,0,0,0,0,0,0,0,0,0,0,0,
-0.331134,-0.544576,-0.243882,0.171099,-1.36227,0,0,0,0,0,0,0,0,0,0,0,0,0,0,0,0,0,0,0,0,0,0,0,0,0,0,
0.820037,0.441394,-0.936468,0.580401,0.0818728,0,0,0,0,0,0,0,0,0,0,0,0,0,0,0,0,0,0,0,0,0,0,0,0,0,0,
0.660377,0.67233,0.509189,0.319298,0.241509,0,0,0,0,0,0,0,0,0,0,0,0,0,0,0,0,0,0,0,0,0,0,0,0,0,0,
-0.829854,0.6777,0.491263,0.0248583,0.0925065,0,0,0,0,0,0,0,0,0,0,0,0,0,0,0,0,0,0,0,0,0,0,0,0,0,0,
1.01617,0.539172,-1.27717,-0.908814,0.0472773,0,0,0,0,0,0,0,0,0,0,0,0,0,0,0,0,0,0,0,0,0,0,0,0,0,0,
-18.9977,-0.203171,-13.8202,-6.13066,14.6924,-3.30449,10.8138,0,0,0,0,0,0,0,0,0,0,0,0,0,0,0,0,0,0,0,0,0,0,0,0,
-15.224,-1.03224,-10.364,-5.96156,10.8464,-3.29959,7.74482,0,0,0,0,0,0,0,0,0,0,0,0,0,0,0,0,0,0,0,0,0,0,0,0,
-7.37157,-1.70444,-4.50007,-3.28016,4.5702,-0.0274315,3.9029,0,0,0,0,0,0,0,0,0,0,0,0,0,0,0,0,0,0,0,0,0,0,0,0,
1.32886,-1.97886,3.28091,0.0373786,-2.05669,1.94116,-0.622186,0,0,0,0,0,0,0,0,0,0,0,0,0,0,0,0,0,0,0,0,0,0,0,0,
5.01307,-0.660453,3.62081,1.48608,-3.36489,0.994862,-2.17618,0,0,0,0,0,0,0,0,0,0,0,0,0,0,0,0,0,0,0,0,0,0,0,0,
7.82426,0.589967,4.72468,3.74473,-5.92789,0.833981,-4.63643,0,0,0,0,0,0,0,0,0,0,0,0,0,0,0,0,0,0,0,0,0,0,0,0,
-2.92913,-1.47834,-0.809954,-1.79335,2.15228,0.401157,0.868914,0,0,0,0,0,0,0,0,0,0,0,0,0,0,0,0,0,0,0,0,0,0,0,0,
2.69421,8.66048,-3.56555,5.71388,4.26639,-1.11486,-0.629068,-7.26719,-5.85386,0,0,0,0,0,0,0,0,0,0,0,0,0,0,0,0,0,0,0,0,0,0,
-0.288048,3.30466,0.252393,-0.296364,-0.0732874,-0.355494,-0.242296,-3.01631,-0.860602,0,0,0,0,0,0,0,0,0,0,0,0,0,0,0,0,0,0,0,0,0,0,
-1.10308,0.431419,0.572872,-1.30831,-0.394864,-0.600943,0.458123,-0.8157,1.53498,0,0,0,0,0,0,0,0,0,0,0,0,0,0,0,0,0,0,0,0,0,0,
-0.671084,-0.34049,-0.920702,-0.920099,-0.00278097,-0.170452,0.65349,-0.385911,0.739115,0,0,0,0,0,0,0,0,0,0,0,0,0,0,0,0,0,0,0,0,0,0,
0.572652,-1.8618,-0.334089,0.0867063,0.712576,-0.262382,0.477266,1.81125,-0.671497,0,0,0,0,0,0,0,0,0,0,0,0,0,0,0,0,0,0,0,0,0,0,
-0.43759,-0.355744,-0.0262479,0.418372,0.193949,-0.257416,-0.205197,0.924282,-0.412079,0,0,0,0,0,0,0,0,0,0,0,0,0,0,0,0,0,0,0,0,0,0,
1.11031,-0.657238,-0.143064,0.235303,-0.121766,0.193681,-0.322916,1.59237,-0.299771,0,0,0,0,0,0,0,0,0,0,0,0,0,0,0,0,0,0,0,0,0,0,
-0.577672,-2.99743,0.821802,-1.33099,-0.316157,1.14881,1.05116,3.09142,1.74436,0,0,0,0,0,0,0,0,0,0,0,0,0,0,0,0,0,0,0,0,0,0,
1.01959,3.47881,-1.04819,2.17072,0.725628,-0.787416,0.238528,-2.32135,-2.34723,0,0,0,0,0,0,0,0,0,0,0,0,0,0,0,0,0,0,0,0,0,0,
-2.26837,3.12344,0.0180942,0.851568,-2.58529,-0.232292,-1.07855,2.30645,0.310722,-0.724354,-1.83406,0,0,0,0,0,0,0,0,0,0,0,0,0,0,0,0,0,0,0,0,
-4.13592,6.30037,-0.294947,-0.632321,-1.57385,1.39715,-2.4286,5.53975,-0.732411,-1.04032,-4.48934,0,0,0,0,0,0,0,0,0,0,0,0,0,0,0,0,0,0,0,0,
-1.05053,1.49166,0.0611939,1.06701,-0.54877,0.364735,-0.86138,1.95269,-0.883364,1.55406,1.00209,0,0,0,0,0,0,0,0,0,0,0,0,0,0,0,0,0,0,0,0,
0.645657,-1.07503,0.916885,0.540484,0.115393,-1.16617,0.31674,-0.413249,0.642568,-0.218545,0.098089,0,0,0,0,0,0,0,0,0,0,0,0,0,0,0,0,0,0,0,0,
2.20202,-4.69902,-0.628264,-0.103937,0.670495,-1.16219,1.0293,-4.40238,0.615506,-1.25383,-0.29766,0,0,0,0,0,0,0,0,0,0,0,0,0,0,0,0,0,0,0,0,
-2.81973,6.12991,0.64276,-0.884502,-1.29502,-0.126206,-1.18917,5.18486,-0.755111,-4.77533,-7.08862,0,0,0,0,0,0,0,0,0,0,0,0,0,0,0,0,0,0,0,0,
-0.743592,4.08454,0.116837,0.320749,-0.537833,0.372672,-0.821904,4.26316,-0.253205,1.01537,0.20808,0,0,0,0,0,0,0,0,0,0,0,0,0,0,0,0,0,0,0,0,
-1.98393,3.52278,-0.228831,0.0674832,-0.556672,0.479799,-0.580357,3.73101,-0.469057,-0.295852,-0.993841,0,0,0,0,0,0,0,0,0,0,0,0,0,0,0,0,0,0,0,0,
1.92908,-3.69609,0.581018,-1.42318,0.59011,-0.72851,1.3436,-3.30119,0.632169,-4.57505,-3.98238,0,0,0,0,0,0,0,0,0,0,0,0,0,0,0,0,0,0,0,0,
2.03204,-4.12641,-0.434346,-1.42632,1.27081,-0.634449,0.600523,-3.16415,-0.427237,0.119175,0.720414,0,0,0,0,0,0,0,0,0,0,0,0,0,0,0,0,0,0,0,0,
-0.869266,-0.163572,-0.0340706,0.53772,-0.739554,0.402345,-1.24459,-0.360457,0.759874,-1.07867,-0.782186,0,0,0,0,0,0,0,0,0,0,0,0,0,0,0,0,0,0,0,0,
0.948647,-2.46464,-0.0290772,0.228372,0.38505,0.82396,-0.0672662,1.7128,-0.820798,2.64517,-2.5679,1.49032,0.732318,0,0,0,0,0,0,0,0,0,0,0,0,0,0,0,0,0,0,
0.753206,-5.59169,0.747661,-3.48914,-0.957256,-1.0796,-0.198112,7.02343,-0.698619,-4.33727,5.10672,2.8926,-0.700431,0,0,0,0,0,0,0,0,0,0,0,0,0,0,0,0,0,0,
-0.237722,4,-0.846809,2.33092,0.251454,0.790423,0.512366,-4.38575,0.444659,3.23805,-4.23385,-0.736372,0.544556,0,0,0,0,0,0,0,0,0,0,0,0,0,0,0,0,0,0,
-0.669103,2.90327,-0.900306,1.14089,-0.146813,0.497181,0.91919,-2.95924,-0.878355,2.38469,-2.96872,-0.420345,1.02808,0,0,0,0,0,0,0,0,0,0,0,0,0,0,0,0,0,0,
0.908322,-1.12764,0.677964,1.30161,-0.716853,-0.451871,0.416816,0.187182,-0.486921,5.19812,-5.28727,0.00316027,0.517384,0,0,0,0,0,0,0,0,0,0,0,0,0,0,0,0,0,0,
-0.0737957,-0.725864,-0.371282,-0.841271,-0.376824,-0.976719,-0.16186,1.06053,-0.10851,1.03458,-0.75618,0.276532,0.0203514,0,0,0,0,0,0,0,0,0,0,0,0,0,0,0,0,0,0,
0.28198,1.47016,-0.362744,2.56109,-0.411226,0.437294,-0.0791241,-3.34094,-0.448283,5.10678,-4.89268,-1.04865,-0.0736125,0,0,0,0,0,0,0,0,0,0,0,0,0,0,0,0,0,0,
-0.690642,-0.56382,-0.250969,1.46294,0.110922,0.405887,0.645396,0.151636,-0.0266992,1.99561,-2.69673,-0.0709101,0.61052,0,0,0,0,0,0,0,0,0,0,0,0,0,0,0,0,0,0,
0.615678,-0.681784,-0.602786,0.288292,-0.142059,0.434564,0.00718133,0.71722,-0.395908,0.309727,-0.211359,-0.0232583,-0.0393424,0,0,0,0,0,0,0,0,0,0,0,0,0,0,0,0,0,0,
0.12152,-2.21402,0.796631,-1.18015,-0.240292,-0.269746,-1.10033,2.97538,0.238441,-1.26383,2.16761,0.184314,-1.08796,0,0,0,0,0,0,0,0,0,0,0,0,0,0,0,0,0,0,
-1.13782,3.88283,-0.148259,3.08477,0.920989,-0.0923463,0.320639,-4.11031,0.620902,2.67242,-3.45536,-1.79159,0.442256,0,0,0,0,0,0,0,0,0,0,0,0,0,0,0,0,0,0,
-0.561145,3.09699,0.396409,0.0596885,0.10137,-0.396084,0.525488,-2.76578,1.2908,-1.1827,2.03605,-0.90604,0.144853,0,0,0,0,0,0,0,0,0,0,0,0,0,0,0,0,0,0,
0.815683,-3.32902,0.798883,-1.02993,-0.0156644,-0.413152,0.0336068,3.60517,-0.670847,0.0485317,0.471124,0.783744,-1.19818,0,0,0,0,0,0,0,0,0,0,0,0,0,0,0,0,0,0,
4.70438,11.5537,-1.70216,5.36165,-5.04894,-0.8542,-0.498062,17.3282,-2.04975,-2.57615,-8.34702,9.9963,6.6531,4.44597,0.537495,0,0,0,0,0,0,0,0,0,0,0,0,0,0,0,0,
-1.55032,-2.38643,-0.0237349,-1.07428,1.57226,0.535061,1.34324,-3.61147,-0.142358,-1.2201,0.923346,-2.83188,-2.18501,-1.16421,1.29295,0,0,0,0,0,0,0,0,0,0,0,0,0,0,0,0,
0.832209,0.000697798,0.0261763,3.20704,-0.844239,0.20253,-1.43218,1.73741,-0.414947,3.52764,1.85438,3.49973,1.06287,2.79135,-1.51597,0,0,0,0,0,0,0,0,0,0,0,0,0,0,0,0,
-1.09657,-2.08387,0.461447,-4.94269,1.10227,-0.20473,0.10685,-3.72051,1.33847,-4.22353,-2.6589,-2.97028,-0.930109,-3.1599,0.714908,0,0,0,0,0,0,0,0,0,0,0,0,0,0,0,0,
0.408615,6.06736,2.62748,-14.2212,-0.645915,-3.19414,-1.04286,1.89195,1.56514,-12.9194,-10.5781,-2.52651,3.17757,-9.12218,3.2422,0,0,0,0,0,0,0,0,0,0,0,0,0,0,0,0,
-0.599467,-1.83985,0.675716,0.396904,-0.46273,0.664736,-0.458743,-2.17302,-0.299465,2.31414,2.96933,0.146216,-0.77168,0.259226,-1.51087,0,0,0,0,0,0,0,0,0,0,0,0,0,0,0,0,
-0.0713207,-1.8498,-0.852824,3.46009,-0.0225562,0.0993883,0.114965,-1.55841,-0.424442,2.34401,3.17365,-0.343756,-1.21344,2.48351,-1.09418,0,0,0,0,0,0,0,0,0,0,0,0,0,0,0,0,
0.679894,-3.22834,-1.53535,3.46194,-0.35727,1.63386,0.402161,-1.88563,-1.14797,4.69419,4.06938,0.781772,-1.08224,2.02354,-1.48802,0,0,0,0,0,0,0,0,0,0,0,0,0,0,0,0,
-0.901643,2.26511,2.56205,-13.6199,1.25639,-1.97146,-0.616274,-2.98773,2.45058,-9.24465,-5.88972,-4.52014,-0.125513,-9.46993,1.929,0,0,0,0,0,0,0,0,0,0,0,0,0,0,0,0,
0.489937,2.28532,-0.943027,1.02825,-0.645289,0.336395,-0.130399,3.5524,-0.603435,0.274453,-0.86472,1.60626,1.01576,0.990788,0.0809096,0,0,0,0,0,0,0,0,0,0,0,0,0,0,0,0,
1.20186,-3.61061,-2.86369,14.391,0.0222187,3.29835,1.05194,1.90785,-2.05273,11.2736,8.313,3.31648,-2.12796,9.83483,-2.75581,0,0,0,0,0,0,0,0,0,0,0,0,0,0,0,0,
-1.84474,-1.41332,2.03063,-12.9118,1.79739,-2.05127,0.58494,-6.19924,1.86685,-7.37525,-3.09236,-6.47149,-1.81917,-9.93752,1.78081,0,0,0,0,0,0,0,0,0,0,0,0,0,0,0,0,
-0.238943,2.4129,2.53706,-7.63187,-1.06753,-2.18112,-1.70963,0.256711,1.86164,-2.3193,-0.725541,-0.0546133,2.11455,-6.1476,0.331114,0,0,0,0,0,0,0,0,0,0,0,0,0,0,0,0,
-0.764268,-1.94661,1.56174,-8.50507,0.704881,-1.33795,-1.8165,-5.50256,0.987919,-3.08671,0.104232,-3.05677,-0.345127,-7.16172,-0.172805,0,0,0,0,0,0,0,0,0,0,0,0,0,0,0,0,
-0.064949,1.98474,1.52278,-7.68319,-0.503644,-1.73335,-0.441856,-0.0692745,1.05965,-5.6327,-4.0592,-1.97164,0.323603,-5.80753,1.84811,0,0,0,0,0,0,0,0,0,0,0,0,0,0,0,0,
0.192753,-1.06919,0.966191,0.920965,-0.431936,0.746629,0.356934,2.08683,1.12529,1.49998,-3.31812,1.71119,1.271,0.733956,1.24202,0.294947,1.17978,0,0,0,0,0,0,0,0,0,0,0,0,0,0,
3.43057,2.05598,2.58227,5.60409,0.0453946,1.0728,1.99306,-3.39984,1.64768,-5.30263,4.77856,-0.809909,0.964979,-8.83424,-1.33391,3.58512,-1.14299,0,0,0,0,0,0,0,0,0,0,0,0,0,0,
-2.10479,-2.38595,-0.709423,-0.667734,-0.697466,-0.718067,0.674025,2.07199,0.76403,2.69201,-1.23256,1.82925,-0.700307,1.76004,0.436644,-2.18103,1.98643,0,0,0,0,0,0,0,0,0,0,0,0,0,0,
1.36015,1.70354,0.784685,0.421634,0.675644,0.420823,0.305932,-0.782391,-0.255655,-2.11999,0.612609,0.743255,1.21174,-0.380316,-0.310932,1.22046,-0.336686,0,0,0,0,0,0,0,0,0,0,0,0,0,0,
1.54486,-0.827599,1.66503,3.08636,-0.119877,0.473099,1.42884,0.61095,2.17125,-0.10861,-0.39389,0.854284,1.62071,-2.56846,0.657224,0.484777,1.41372,0,0,0,0,0,0,0,0,0,0,0,0,0,0,
1.72525,-2.41619,3.26238,8.38288,-0.83506,0.276014,3.2178,-0.83546,3.67039,-3.51371,4.22119,0.312848,0.886168,-9.91886,-0.999505,1.78385,2.31537,0,0,0,0,0,0,0,0,0,0,0,0,0,0,
2.23108,3.60538,1.18024,0.682296,0.58184,1.65164,-0.934276,-2.49888,-1.59184,-2.03667,0.462359,-1.19381,0.583508,-0.885936,-0.278642,1.49037,-2.27428,0,0,0,0,0,0,0,0,0,0,0,0,0,0,
3.38043,4.40628,1.20388,2.53598,-0.0518539,0.974528,-0.138962,-4.5338,-1.3558,-6.22558,5.35627,-2.41367,0.914388,-4.58155,-0.898126,3.08976,-3.0411,0,0,0,0,0,0,0,0,0,0,0,0,0,0,
-1.02016,1.86828,-1.14832,-0.314071,0.155709,0.551537,-1.24137,-1.01825,-1.47492,1.37306,-1.64681,-0.917548,-0.480934,0.873071,0.390267,-0.511007,-1.15197,0,0,0,0,0,0,0,0,0,0,0,0,0,0,
1.12639,-1.91947,2.66785,4.11438,-0.0384199,-0.367544,1.3708,0.0757413,2.56208,-0.955005,0.31348,1.68394,1.68191,-3.79104,0.991466,-0.301905,2.24041,0,0,0,0,0,0,0,0,0,0,0,0,0,0,
-0.284785,-2.77226,-0.363217,1.54983,-0.100546,0.0310102,0.852249,2.34496,0.886909,0.59067,-0.474925,0.978218,0.21453,-1.20066,-0.00397496,-0.187842,1.09306,0,0,0,0,0,0,0,0,0,0,0,0,0,0,
-1.80334,-1.45753,-1.06121,-3.18512,0.387757,-0.0450699,-0.994002,3.40203,-0.874173,2.97626,-3.56446,0.981703,0.373785,4.87931,1.22105,-1.33984,-0.116049,0,0,0,0,0,0,0,0,0,0,0,0,0,0,
-0.521508,1.08957,-0.284167,0.576042,-0.321802,-1.16806,-1.25903,-1.23847,-0.913337,1.10301,-0.161439,-1.28541,-1.21952,-0.716415,0.602257,-1.40907,-0.34556,0,0,0,0,0,0,0,0,0,0,0,0,0,0,
1.17647,2.74055,-0.181274,-2.38901,0.636178,0.491392,-1.34716,-1.49968,-1.03854,-3.44327,2.45078,-0.919992,-0.307449,1.14112,-0.856078,1.00447,-1.82221,0,0,0,0,0,0,0,0,0,0,0,0,0,0,
2.80494,1.04424,2.40234,3.58783,-0.105418,0.916777,1.96456,-2.43049,1.02865,-6.47499,5.56196,-0.283545,1.73159,-6.33814,-0.996134,2.6796,0.327771,0,0,0,0,0,0,0,0,0,0,0,0,0,0,
2.50023,0.0417477,2.91313,4.14136,-0.442983,0.758208,2.4301,-1.24387,2.20286,-3.29215,1.83765,0.846027,1.88679,-4.95238,-0.563296,1.4842,0.637255,0,0,0,0,0,0,0,0,0,0,0,0,0,0,
3.13385,2.03362,2.39885,3.97662,0.261836,0.496846,2.25483,-3.82637,1.55768,-6.26734,5.65388,-0.777837,0.478732,-6.73388,-0.746455,2.49948,0.197908,0,0,0,0,0,0,0,0,0,0,0,0,0,0,
3.87347,1.27021,-4.1279,4.67251,-0.963064,-1.15509,-1.05018,-0.272603,2.62186,4.21485,4.19169,0.716556,4.13096,4.45005,3.73032,2.54933,1.53754,-2.15701,0.760653,0,0,0,0,0,0,0,0,0,0,0,0,
1.59273,0.329785,-1.61264,1.93857,-0.152898,-0.642493,-0.326958,0.0268165,0.836481,1.18375,0.934008,0.984143,1.70324,2.14683,0.879563,1.16855,1.19476,-0.29732,0.36543,0,0,0,0,0,0,0,0,0,0,0,0,
1.59482,1.35312,-1.72182,2.89206,-0.345514,-0.0898316,-0.37646,0.490689,1.94867,2.73418,2.90419,0.0852681,2.5245,1.48065,1.62159,1.18574,0.401784,-0.939594,-0.6173,0,0,0,0,0,0,0,0,0,0,0,0,
-1.73912,-1.97771,1.9302,-1.36528,0.537558,-0.0226398,0.171753,-0.697411,-1.26278,-1.59925,-1.46126,0.53592,-2.11515,-0.985514,-2.04154,-0.6302,-0.582687,0.422541,0.624594,0,0,0,0,0,0,0,0,0,0,0,0,
-3.27234,-2.67949,3.28802,-4.9414,1.33941,0.227919,0.856501,-0.550348,-2.9604,-3.81923,-4.22554,-0.46981,-3.83942,-4.66346,-2.8227,-2.40899,-1.10313,1.16673,-0.977133,0,0,0,0,0,0,0,0,0,0,0,0,
4.12146,2.47139,-4.73971,4.72003,-0.809623,-1.41725,-0.805305,0.606162,3.61272,5.80619,6.61334,0.230511,5.32056,3.48186,3.07715,2.78881,2.6154,-2.11338,0.737806,0,0,0,0,0,0,0,0,0,0,0,0,
3.71299,2.34013,-3.09836,3.8028,-1.10088,-0.843533,-0.652564,-0.537004,4.37959,4.44571,4.78577,-0.920636,4.6724,1.65821,2.64442,2.89088,2.91092,-3.11579,0.0125812,0,0,0,0,0,0,0,0,0,0,0,0,
-0.5729,-0.810065,1.24646,-1.695,1.3386,0.28792,0.0350505,-0.420575,-0.491077,-0.887101,-0.909728,0.118102,-0.232127,-2.27011,-0.911614,-0.890707,1.05173,-0.121868,-0.352684,0,0,0,0,0,0,0,0,0,0,0,0,
-2.55317,-0.314644,2.29143,-3.85647,0.0489254,1.6759,0.920518,1.24615,-2.5328,-2.27652,-2.86294,-0.0451962,-2.74294,-2.03004,-0.810186,-1.21057,-3.15539,2.64184,-0.254277,0,0,0,0,0,0,0,0,0,0,0,0,
6.02822,2.22547,-5.6912,5.21577,-1.22682,-0.911991,-1.68672,-0.416895,3.71673,5.51343,5.87247,0.529255,6.20984,3.99971,4.10154,3.08085,2.85965,-2.55034,1.11246,0,0,0,0,0,0,0,0,0,0,0,0,
0.599259,-0.870544,-0.460404,0.746664,-0.266771,-1.00164,-0.422024,-2.52209,0.945986,2.61812,2.22634,-0.215815,0.85398,-0.687967,0.371158,0.0956468,1.32839,-0.730662,0.26753,0,0,0,0,0,0,0,0,0,0,0,0,
-0.147685,0.899211,-0.622813,-0.612357,0.151533,-0.433579,-0.18678,0.421079,-0.138584,0.26931,0.156508,0.127403,-0.118547,-1.23434,-0.43815,-0.00418733,0.3525,-0.50072,0.0477803,0,0,0,0,0,0,0,0,0,0,0,0,
1.27728,0.766005,-0.894088,0.54804,0.0746311,-0.925042,-0.461421,0.830891,-0.610433,1.78523,1.86583,1.11172,0.373635,0.661754,0.120836,-0.127021,0.0637461,0.445042,0.8404,0,0,0,0,0,0,0,0,0,0,0,0,
4.46576,2.68097,-4.87205,5.43437,-2.18948,-0.837737,-1.84915,0.360974,3.82897,4.9404,4.97386,0.183779,5.87037,4.59487,4.69403,3.16872,2.13599,-2.5744,0.895066,0,0,0,0,0,0,0,0,0,0,0,0,
-10.2885,-5.78734,10.229,-11.6996,2.8508,2.43124,2.65315,-0.734407,-7.33591,-10.2183,-11.8651,-0.751022,-12.1476,-10.0276,-7.96767,-7.08165,-4.55021,5.29364,-1.80053,0,0,0,0,0,0,0,0,0,0,0,0,
-3.04965,-1.28066,3.60783,-2.04114,0.741254,1.2955,1.51925,-0.132408,-2.36464,-2.78127,-3.28291,-1.3933,-3.76553,-2.52016,-2.52378,-1.63837,-1.6741,1.47641,-0.876973,0,0,0,0,0,0,0,0,0,0,0,0,
-4.77056,-2.54356,5.39218,-3.40681,2.01299,0.71431,1.60442,-0.136,-3.03154,-5.22139,-5.60266,-0.597728,-5.04669,-2.75267,-4.09262,-2.17794,-2.45669,2.43774,-0.120503,0,0,0,0,0,0,0,0,0,0,0,0,
5.39546,3.90688,-5.91305,6.94659,-1.63163,-0.870225,-1.85149,0.566983,4.89448,6.9863,6.87058,-0.705772,7.30867,4.89166,4.39715,3.48487,3.19066,-3.96582,-0.524181,0,0,0,0,0,0,0,0,0,0,0,0,
-12.614,-6.79133,12.9815,-12.8737,4.32032,1.93473,2.79619,-0.990027,-9.89927,-13.1449,-14.0091,-0.843775,-15.6595,-10.9982,-10.7134,-7.26944,-6.10729,6.85174,-1.2388,0,0,0,0,0,0,0,0,0,0,0,0,
-1.03703,-1.22526,-0.401089,-6.65562,1.87637,0.683954,-0.709431,-1.11412,3.1302,0.338157,-1.39949,-1.99128,-2.1695,6.55378,-1.70378,-3.05668,0.578544,-1.57859,4.04468,-1.30115,3.43827,0,0,0,0,0,0,0,0,0,0,
0.285975,1.01865,0.00326047,0.343305,-2.26554,0.785445,-1.11824,-0.621602,1.34739,-1.63787,1.67178,0.544402,-1.05471,-0.508787,0.912909,1.44611,1.96109,-1.15472,-1.11284,1.24431,-2.27224,0,0,0,0,0,0,0,0,0,0,
-0.460783,0.913259,-0.50601,-1.94301,0.562615,-0.191013,-0.599261,-0.983206,1.11636,1.21919,-0.949558,-0.0207321,-0.504993,2.29195,-0.704674,-0.614459,0.932,-0.617829,1.82344,-0.841895,0.84911,0,0,0,0,0,0,0,0,0,0,
-2.15554,-3.30209,-0.813749,-9.04226,6.81669,-1.29294,1.54759,0.0450042,1.61062,0.999725,-3.04503,-3.0196,-0.334265,8.477,-4.89119,-5.84656,-3.60892,-0.319433,6.24996,-3.34744,7.43305,0,0,0,0,0,0,0,0,0,0,
0.852852,0.00900235,1.10485,1.60742,-0.0857798,0.456699,0.491217,0.870877,-1.14022,0.346105,-0.650243,1.1494,0.457931,-0.409246,0.469335,0.357872,-1.76881,0.282055,-0.345256,0.840213,1.06136,0,0,0,0,0,0,0,0,0,0,
-0.676071,-0.651311,-0.365216,-2.67338,0.607798,-0.0677106,-0.534981,0.150222,0.807845,-0.721578,0.330212,-1.20085,-0.295636,1.74438,-0.469737,-1.30636,0.316127,-1.13403,1.47847,-0.292454,1.00539,0,0,0,0,0,0,0,0,0,0,
1.09551,0.392514,-0.39669,3.80078,-1.7412,-0.301767,-0.146267,0.822554,-0.992888,-0.829991,1.00273,1.05475,0.313781,-3.78977,0.97234,1.86505,0.332729,0.783696,-1.8872,0.70792,-1.99243,0,0,0,0,0,0,0,0,0,0,
2.44799,3.15995,1.14556,9.57759,-7.17963,0.866733,-0.450605,-0.125822,-1.82955,-1.95707,3.13208,3.74975,0.625479,-9.38084,5.33204,6.43471,2.49473,1.31098,-6.48456,3.46389,-8.00073,0,0,0,0,0,0,0,0,0,0,
-2.99796,0.453838,-1.2355,-5.95544,3.66891,-0.76936,-0.348086,-2.98811,2.36981,-0.59437,0.0810665,-2.99411,0.0930943,4.19419,-2.55798,-2.10935,0.817739,-0.699575,2.98394,-3.96764,3.09814,0,0,0,0,0,0,0,0,0,0,
-1.44718,-2.15436,-0.688727,-4.67197,4.04591,-0.0690594,0.122993,-0.240566,1.47938,1.00289,-2.22348,-2.65611,-0.873882,3.68017,-3.18285,-3.43319,-0.943369,-0.644468,3.77356,-2.1229,3.86937,0,0,0,0,0,0,0,0,0,0,
0.835933,6.54224,-0.305926,8.37615,-7.48227,1.1567,-2.30603,-3.00699,-0.495993,-1.27679,3.67633,2.38499,0.376889,-9.16685,4.33089,7.1125,5.26062,1.40871,-7.0951,2.22972,-9.12036,0,0,0,0,0,0,0,0,0,0,
1.94171,2.94006,0.96489,5.3826,-4.87169,0.212355,-0.106079,-0.999092,-1.54851,-1.49838,1.9364,1.90688,0.393147,-5.50754,3.48823,4.05638,2.05659,0.971497,-4.92809,2.50173,-5.52803,0,0,0,0,0,0,0,0,0,0,
0.129618,-2.34851,-0.227938,-2.99616,0.776793,0.443991,0.135048,0.636865,0.258767,-0.0632175,-1.08505,-0.54305,-0.310116,2.63989,-0.511666,-1.30081,-1.01705,-0.631019,1.44938,0.313295,1.87169,0,0,0,0,0,0,0,0,0,0,
-0.566972,-1.87641,0.291875,-2.09134,1.5024,-0.404993,0.342952,1.1974,-0.398901,0.336229,-1.25136,-0.693595,-0.0682925,2.2084,-1.44235,-1.58454,-1.2197,0.0697637,1.0642,-0.170436,2.30383,0,0,0,0,0,0,0,0,0,0,
2.44334,3.18524,0.876354,4.9057,-6.16033,1.35647,-1.87324,-0.0976697,0.0614745,-0.848223,2.71374,2.02538,0.00196496,-5.31943,3.65747,4.49077,3.98593,0.234208,-4.72718,2.77531,-6.68936,0,0,0,0,0,0,0,0,0,0,
-2.09723,-4.85181,-0.730021,-8.42943,6.40539,-0.776976,2.28364,1.42351,1.11248,0.696513,-3.50431,-3.11812,-0.443651,8.09584,-3.57911,-5.82625,-3.06424,-1.01736,5.18766,-2.51539,7.08397,0,0,0,0,0,0,0,0,0,0,
-0.989225,-2.24354,0.210552,-2.6095,2.92315,-0.701285,1.69597,0.978081,-1.34943,0.302612,-1.25226,-0.547524,0.0723058,2.78051,-1.11283,-1.47114,-2.59081,0.266604,1.60722,-1.26385,2.5495,0,0,0,0,0,0,0,0,0,0,
-1.8068,-2.42064,-0.288669,-6.12969,6.11478,-1.58986,1.00697,-0.124615,1.21393,1.97055,-3.0954,-2.61788,-0.355908,6.43869,-3.70958,-3.8588,-3.12818,-0.375943,4.77574,-3.28712,6.08639,0,0,0,0,0,0,0,0,0,0,
-0.641296,-0.68768,-0.632543,-3.11452,1.11422,-0.0744182,-0.165237,-0.576631,1.13039,0.654185,-1.43297,-1.64931,-0.0487933,3.34439,-1.3189,-1.45608,-0.300475,0.0845765,2.17617,-1.24597,1.50446,0,0,0,0,0,0,0,0,0,0,
-1.14466,-2.5894,-0.196254,-4.84279,2.92354,-0.227486,0.736966,0.477402,1.20462,-0.343206,-0.623658,-1.9058,-0.889988,4.79914,-1.81059,-2.46003,-0.958454,-0.872065,3.24538,-0.670896,3.56338,0,0,0,0,0,0,0,0,0,0,
-1.74423,-2.96428,-0.426767,-6.59238,5.42226,-0.756529,1.10635,0.386526,1.85017,2.74759,-3.52113,-2.12317,-1.07018,7.43839,-4.6021,-4.5487,-3.20704,-1.26463,6.04819,-3.24949,6.96376,0,0,0,0,0,0,0,0,0,0,
-0.314285,3.07142,0.94089,1.12486,0.108323,0.43803,-1.92981,3.32081,0.558562,-1.17556,-1.58288,-0.0767334,-1.35198,2.87642,0.0209602,-0.93525,2.17052,-0.214841,2.66569,2.20231,2.08435,-0.465565,0.785891,0,0,0,0,0,0,0,0,
-0.316331,0.067666,0.0273632,-0.130443,-0.187365,-0.575315,0.342928,0.672234,0.129787,-0.245411,0.197157,-0.0199505,0.211913,0.224027,-0.10561,-0.927412,0.0334156,0.294267,0.0891156,-0.159945,0.2659,0.341905,0.419231,0,0,0,0,0,0,0,0,
-0.00137459,-2.61526,1.03779,-0.998897,-0.73366,-0.353473,0.508236,-1.44832,-0.290228,-1.95254,-2.19763,0.566975,1.89505,-0.695051,-1.50951,0.428302,-0.883291,-0.733443,0.12106,1.54264,1.08124,1.51233,-0.345205,0,0,0,0,0,0,0,0,
0.536629,-0.0537316,-0.335325,-0.538916,0.416498,-0.432198,-0.576223,0.323765,0.830213,0.284743,-0.0387465,0.0348917,-0.230897,0.416379,0.310247,-0.773051,0.513531,-0.75205,-0.560113,-0.564086,0.4893,0.205558,-0.0310255,0,0,0,0,0,0,0,0,
-0.437943,3.21534,-0.535809,1.94653,-0.597935,0.00978802,-1.52078,2.94241,1.10709,2.85339,2.43114,-0.754037,-1.36158,2.19376,2.05639,-1.53315,1.46826,0.609241,-0.050163,-1.33398,-1.36044,-0.854717,0.177994,0,0,0,0,0,0,0,0,
-0.127146,0.434199,0.851157,0.153355,0.699092,0.0611424,-0.767341,1.44336,0.45774,-1.08771,-1.78514,0.0398292,-0.152547,0.986346,-0.0228782,0.22137,0.723971,0.193845,1.51258,1.49552,2.13595,0.142154,0.38874,0,0,0,0,0,0,0,0,
0.568742,-1.91508,0.166336,-0.0368124,-0.0759434,-0.769662,1.48083,-1.48281,-0.864623,-1.14465,-1.55378,-0.543363,1.23838,-0.861335,-1.40528,0.297717,-1.59761,-0.784155,-0.55705,0.68613,0.179502,1.32118,-0.220262,0,0,0,0,0,0,0,0,
-0.857492,1.57101,-0.0275254,0.802012,-0.485252,-0.695131,-0.19563,1.56727,-0.265885,0.0717101,-0.717154,-0.342702,0.385876,0.509429,0.0894269,-0.485299,-0.005005,0.0785064,0.138358,0.573334,0.282753,0.605784,-0.00205013,0,0,0,0,0,0,0,0,
-0.617381,1.8773,0.410957,1.06483,0.696758,-0.40225,-0.199068,1.11925,0.652341,-1.40036,-1.22414,-0.372286,0.119353,1.8211,0.469507,-1.07547,0.540686,-0.105875,0.958393,1.0317,0.418967,-0.944144,1.02705,0,0,0,0,0,0,0,0,
0.917925,1.14016,-0.394445,0.641757,-0.0985923,0.570103,-0.983861,0.614119,0.702052,1.69745,0.78298,-0.526055,-1.71934,1.29128,0.136606,0.252489,0.961132,-0.0110483,-0.0846155,-1.48427,0.0314184,-1.2712,0.0139555,0,0,0,0,0,0,0,0,
0.00548478,-3.12308,-0.469267,-1.36507,-1.6197,0.567431,1.21809,-2.71795,-0.98672,0.618799,1.41055,0.990843,0.677213,-3.55978,-0.56139,0.652294,-1.37463,0.719515,-2.83185,-1.69901,-2.15141,0.771146,-1.01697,0,0,0,0,0,0,0,0,
0.482358,-2.4037,0.218496,0.419089,-0.386424,0.396316,0.543294,-1.86758,-1.03769,-0.330689,0.340322,0.77484,0.745214,-0.17676,-0.414741,1.28521,-0.523456,0.226173,-0.0633163,0.0982053,0.273567,-0.231499,-0.989751,0,0,0,0,0,0,0,0,
-0.907935,0.130937,0.595246,1.31163,0.478877,-0.625686,0.623887,-0.430602,-0.500622,-1.38538,-1.1169,-0.778509,0.348122,1.70425,-0.195029,-0.193505,0.00613573,-0.392947,1.15262,0.771503,-0.0732117,-0.554221,0.681118,0,0,0,0,0,0,0,0,
-0.0764209,-0.226426,-0.32835,1.3237,0.0369153,-0.141035,0.172024,-0.74614,0.032691,-1.09117,-1.09737,-0.104356,0.224559,1.40073,-0.255731,-0.112671,-0.165867,0.0589258,-0.0127285,0.465698,0.474987,0.514145,0.239044,0,0,0,0,0,0,0,0,
0.0718151,2.09789,1.02117,1.60263,-0.15315,-0.513763,-0.592866,2.13071,-0.375974,0.167438,-0.706307,-0.554273,-0.10049,1.97451,0.241796,-0.0179103,0.755344,-0.00154363,1.33115,0.63344,0.811843,0.460677,0.0486328,0,0,0,0,0,0,0,0,
-0.314081,0.971183,0.230677,1.14172,0.594084,0.242424,0.0560925,0.735648,0.61545,-0.122714,-0.203956,-0.409304,-0.158231,1.64096,-0.0631384,-0.118241,0.256361,-0.672739,0.455003,-0.0998943,0.421797,-0.149651,0.10453,0,0,0,0,0,0,0,0,
-0.00191346,1.50756,-1.18109,0.694994,0.289325,0.535204,-0.00974752,1.03199,0.66042,-0.593687,-0.15727,-0.371611,-0.984131,1.10037,0.302255,-0.402856,1.05203,0.166045,0.332346,-0.92887,-0.992876,-1.10718,1.07093,0,0,0,0,0,0,0,0,
0.0534286,1.63936,0.321199,0.222044,-0.153821,0.358478,-1.30325,1.71555,-0.301834,1.09974,1.32961,0.33201,-1.28793,0.867399,0.65944,-0.21401,0.484758,0.708349,-0.0653555,-0.366207,-0.412245,-0.783869,0.420662,0,0,0,0,0,0,0,0,
-0.28298,-2.73299,0.0109874,-2.35636,-0.625026,-0.849299,1.04145,-1.68144,-0.269712,-0.611738,0.366513,1.01607,0.76479,-3.21631,-0.660194,0.657667,-1.57755,0.631874,-1.93182,-0.269974,-0.887152,1.0237,-0.608854,0,0,0,0,0,0,0,0,
-0.0605246,0.999392,-0.913107,0.0074781,-0.192588,-0.324271,0.581245,0.085367,0.308384,0.329271,0.50419,-1.09538,-0.173781,0.513195,0.977467,-1.0851,-0.378458,0.0475482,-1.10282,-1.22465,-1.35455,-0.326146,-0.0993906,0,0,0,0,0,0,0,0,
-0.110545,0.266507,0.408524,-0.537261,-0.330358,-0.406932,-0.0910875,0.697462,-0.0579174,0.118015,0.122098,-0.486895,0.74696,-0.293603,-0.454181,-0.239689,0.531208,-0.219147,-0.181823,0.704372,0.375817,0.504435,0.0988688,0,0,0,0,0,0,0,0,
0.0589809,1.17381,0.538173,0.0723577,-0.260622,-0.152831,-1.31566,1.59628,0.670842,0.452628,0.149303,-0.577231,0.0362272,0.563034,0.672649,-0.417304,0.14015,-0.568242,0.48346,-0.0583938,0.859384,0.356061,-0.21902,0,0,0,0,0,0,0,0,
0.0803333,-0.665954,0.25831,-0.30418,-0.137383,-0.10853,-0.445969,-0.321711,-0.333959,-0.608307,-0.620054,-0.213215,0.680922,-0.304781,-0.765902,0.126508,-0.128441,0.0970299,0.107439,0.55403,0.457411,0.504688,-0.967902,0,0,0,0,0,0,0,0,
-0.00916873,-1.99995,1.01042,0.207658,0.861789,-2.91324,-2.14438,0.912727,0.404843,2.64259,-4.01513,-0.193028,0.473566,0.710843,-0.679298,-1.01959,1.74487,0.53587,-0.704117,-0.444462,0.921625,2.42988,0.533444,-0.792435,-2.09187,0,0,0,0,0,0,
0.070238,0.688973,0.0837856,0.429233,-0.130579,0.0853771,-0.492418,-0.945397,-0.272056,0.310816,0.559389,0.332573,0.185151,-0.639348,0.0550027,-0.530157,0.312684,-0.0721563,-0.160098,0.8329,-0.71171,0.152442,-0.0472985,0.338921,-0.549611,0,0,0,0,0,0,
-0.267296,-0.374967,-0.0437736,0.749435,-0.0366736,-0.411147,-1.18774,-0.286443,0.656257,0.74452,-0.913111,-0.0731467,1.01075,0.0365255,-0.918101,-0.628676,-0.321801,0.368673,-0.597292,-0.662927,0.157371,0.350837,-0.186207,-0.250403,0.387933,0,0,0,0,0,0,
-0.553408,0.876956,-0.0201892,1.26045,-0.16036,0.231737,-0.227203,-0.843596,0.704793,1.45758,-1.29769,0.644495,0.413615,-1.18043,0.0990849,-0.513566,0.281457,-0.473896,0.493984,-1.17807,-0.0939306,-0.0463236,0.447447,-0.116824,-1.09476,0,0,0,0,0,0,
-0.617917,0.657467,0.226675,0.832285,0.5559,-0.873906,0.361705,0.541458,0.175851,-0.0440098,-0.700437,0.980189,-0.987503,-1.77277,0.663796,-1.04129,0.324393,-0.943887,0.517793,-0.695092,0.638274,0.694269,0.446267,-0.75543,-0.709383,0,0,0,0,0,0,
0.247571,-0.547856,-0.145044,-0.871111,0.155766,-0.818392,-0.522233,0.627028,0.243679,0.769011,-1.06371,-0.590583,-0.0805537,1.7845,0.0365874,0.316933,0.683191,-0.338731,-0.86749,0.120178,0.515767,0.609401,-0.296745,-0.317022,-0.230356,0,0,0,0,0,0,
-0.0347998,1.65752,-0.395106,0.54798,-0.619383,2.15579,0.329647,-1.10537,0.17022,-0.0784097,0.708637,-0.0806471,0.371653,-0.761914,-1.1127,0.0122607,-1.43822,-0.229224,0.985625,-0.594426,-1.13731,-1.37704,-0.711965,0.688629,1.10146,0,0,0,0,0,0,
-1.09804,0.435965,-0.553034,-0.065826,1.1175,0.233669,0.322938,0.735691,1.167,-0.0514962,-0.549472,1.03212,0.113022,-1.04476,0.654076,-0.660497,0.365863,-0.133014,0.987481,-0.539448,0.95893,0.138122,0.242063,-0.56358,0.186061,0,0,0,0,0,0,
-0.10017,-0.351686,-0.862729,-0.42537,0.56361,-0.439564,-0.449313,0.0460655,0.918762,1.63797,-2.31717,0.320143,0.539175,0.455733,0.00356736,-0.476973,0.542306,-0.270545,0.516647,-0.866034,0.987986,0.464781,-0.171673,-0.734873,-0.135346,0,0,0,0,0,0,
-0.0129468,-0.142589,0.789974,0.0087097,-0.657306,-0.00228702,-0.221683,-0.638403,-0.492172,0.0252378,0.0101491,-0.480035,-0.326701,0.333345,-0.522502,0.0531349,-0.0616256,-0.152718,-0.571452,0.0147873,-0.435805,-0.788561,-0.176533,-0.461281,-0.347461,0,0,0,0,0,0,
-0.521017,0.30191,-0.303073,-0.0608738,0.0571023,-0.0157827,0.120679,-0.0967236,0.541266,-0.346569,0.598756,0.0634028,0.104342,-0.0069291,0.329737,-0.01822,-1.08231,0.250706,0.4277,0.424204,-0.113898,-0.679647,0.21373,0.489466,1.17978,0,0,0,0,0,0,
0.245242,-1.74169,0.344983,-2.16672,-0.0328985,-1.42287,-0.799929,1.12361,0.0226395,1.55143,-1.93524,-0.436055,0.543524,2.67587,0.153285,0.0796559,0.84685,0.810355,-0.604283,0.16211,1.17137,1.42696,0.358827,-0.109334,-0.300338,0,0,0,0,0,0,
0.753454,1.10685,-0.588424,-0.40833,-0.11207,1.75887,1.13291,-0.919605,-1.07187,-1.16463,3.21154,0.0801362,-0.0275519,0.904465,0.0558968,0.883207,-0.838238,-0.108966,0.481789,0.512065,-1.2414,-1.80953,-0.255564,2.02344,0.507864,0,0,0,0,0,0,
0.444222,1.2335,0.161349,0.331073,0.295948,0.500623,0.650637,-0.735671,-0.133126,-0.889503,1.59516,0.229882,0.00230254,-0.553819,0.558849,0.620653,-0.157256,0.0983173,0.0405236,0.392887,-0.27403,-0.974846,0.294998,-0.0885554,0.563081,0,0,0,0,0,0,
0.328873,1.16398,-0.815485,-0.897891,-0.0268174,0.921458,0.539352,-1.5025,-0.276811,-0.387565,1.32995,-0.18653,-0.0317168,1.298,-0.209409,0.200899,-0.38193,0.229246,0.466011,0.248205,-0.182434,-0.424221,-0.302556,0.395028,0.402713,0,0,0,0,0,0,
-0.770141,1.03363,-0.218994,0.689069,0.377975,1.03609,0.367765,-0.795483,0.512641,0.662841,-0.0332441,0.61233,0.609015,-0.750501,0.111575,0.245605,-0.688863,-0.732312,0.952835,-0.744957,-0.421122,-0.566748,-0.21972,0.163807,0.840795,0,0,0,0,0,0,
0.707447,-0.0264382,0.0898939,-0.309742,-0.0542584,0.769745,0.612113,0.420765,0.0223498,-1.54931,2.15764,0.296408,-0.914384,-0.0227872,0.309011,-0.153315,-0.933179,-0.438763,0.0466039,0.487608,-0.669052,-0.200121,0.125683,0.318789,0.422074,0,0,0,0,0,0,
0.153918,-0.116411,-0.268343,-0.9654,-1.27352,0.707547,0.121114,-0.214712,-0.904153,-0.473401,1.84136,-0.710608,0.0115829,1.43618,-0.42916,0.927846,-1.28301,0.425889,-0.691287,0.712811,-1.34567,-0.502915,0.186697,0.487459,0.940913,0,0,0,0,0,0,
-0.603341,-1.48763,1.40097,0.509898,0.210752,-2.32363,-1.29342,1.26891,-0.67317,1.06492,-2.52418,-0.594377,0.560139,0.250907,0.222653,-0.461377,0.974781,0.579846,-0.303543,0.404885,0.90211,1.59543,-0.0172898,-1.06099,-1.39392,0,0,0,0,0,0,
0.157046,-1.38912,0.38323,0.486069,0.0903099,-1.4184,-0.0352223,1.35424,0.872845,0.5449,-1.04533,-0.00179571,-0.163965,-0.252045,-0.208525,-0.13441,0.988198,0.272621,-0.402151,-0.253723,0.738199,0.64889,0.00829773,-0.793958,-0.266652,0,0,0,0,0,0,
0.56202,0.00618387,-0.935869,0.00995408,0.289952,1.23861,1.39357,0.268384,-0.015483,-0.534274,1.78385,-0.214637,-0.789938,0.618389,0.094302,0.985937,-0.249205,0.0591356,-0.2954,0.592642,0.578989,-1.15245,-0.171538,0.572283,1.53476,0,0,0,0,0,0,
-1.28918,-1.65226,0.458459,1.50936,0.658249,-1.95613,-1.76195,1.3089,1.3517,1.70546,-3.90961,-0.228608,0.895697,-1.59567,0.310364,-1.40787,1.79235,0.0183825,0.569852,-1.53614,1.61088,1.46243,0.494436,-1.63536,-1.11908,0,0,0,0,0,0,
0.076107,0.828012,-0.429687,0.132759,0.39787,0.707119,0.801002,-0.13105,0.237934,-0.0253243,0.782041,-0.0130536,-0.170365,-0.9337,0.422042,0.157991,-0.380246,-0.720574,0.713425,-0.58407,0.164733,-0.388407,0.127475,0.284158,-0.492568,0,0,0,0,0,0,
0.758668,-1.44251,0.270646,-0.201757,-0.0548823,-0.582457,0.324611,0.88368,-0.650985,-0.471613,0.683137,-0.739508,-0.410626,0.581333,0.289775,-0.154746,0.542218,0.703291,-1.07819,0.777752,-0.497683,0.206135,0.0800895,0.262784,-0.272775,0,0,0,0,0,0,
0.190957,0.470869,-0.0648368,0.0416421,-0.221842,0.721844,1.01659,-0.447202,-0.106089,-0.319241,1.04647,-0.241105,0.192399,-0.13831,-0.260581,0.147587,-0.616977,-0.483157,0.0553716,0.224137,-0.654343,-0.496483,0.775014,0.579089,0.251339,0,0,0,0,0,0,
-3.42355,1.14773,-4.08854,-11.4717,-0.606355,1.48409,0.664174,-0.289342,5.34991,10.0593,7.12032,-3.01089,-1.23965,-8.63268,-0.554016,5.26451,0.555641,2.44234,6.9982,4.7918,-3.38039,1.04642,-1.71929,2.93642,4.52043,3.82719,-4.00255,0,0,0,0,
-1.96278,0.654242,-1.35141,-6.13168,0.666542,0.767797,0.0685176,0.31878,2.10759,4.53117,3.0436,-2.03013,-0.603554,-4.3672,0.268729,3.12636,0.306475,1.80177,3.4743,2.59137,-1.88408,1.01215,-1.12089,1.18548,2.41659,2.24574,-2.25172,0,0,0,0,
-1.19677,0.316856,-1.40268,-3.67374,-0.43386,0.715681,0.592165,-0.308518,1.50564,2.86607,2.93967,-0.92908,-0.246539,-3.01448,0.147955,1.55471,1.30322,0.825274,1.97805,1.89072,-1.22472,0.463618,-0.602914,1.35658,1.21167,0.883683,-0.870034,0,0,0,0,
-1.63984,0.0301128,-1.7715,-5.01746,-0.0607882,0.668436,-0.132552,-0.118395,2.08175,4.49179,3.67688,-0.813949,-0.90079,-4.32098,0.56083,2.52237,0.319051,0.72296,3.20754,1.70158,-1.79336,0.577855,-0.905295,1.15631,1.75109,1.33894,-1.18302,0,0,0,0,
-1.58832,-0.428119,-1.43656,-3.7049,0.289891,0.864755,-0.581051,-0.290543,2.1591,3.25235,2.51873,-1.15108,-1.45322,-2.68371,0.153779,1.42278,0.410114,1.87496,2.35696,1.67108,-0.823335,0.616106,-1.03593,1.15233,1.7022,1.23365,-1.73957,0,0,0,0,
-0.00736191,-0.894429,-0.311771,-3.69753,-0.486832,-0.360026,-0.193855,-0.801794,0.804422,2.74345,2.00096,-0.335598,-1.16422,-3.36887,-0.33687,1.72944,0.460358,1.50372,2.14055,1.47945,-1.41241,0.0675979,0.394573,0.144618,0.623239,1.73884,-0.316528,0,0,0,0,
1.03976,0.0626415,0.761511,3.90582,0.0403371,-0.486285,0.372178,0.488054,-1.72932,-3.88767,-2.16992,0.526253,1.21431,3.6702,-0.0388832,-1.51455,-0.136853,-1.89772,-2.82563,-2.29227,1.4616,-0.392807,1.07673,-0.935989,-1.83172,-1.64705,1.88179,0,0,0,0,
0.00225924,-0.3741,0.604003,2.03064,-0.307408,0.295419,-0.52691,0.772637,-0.890084,-0.795303,-0.17438,0.538075,0.232155,1.3959,-0.214952,-0.768429,0.30291,-0.949403,-0.921109,-0.593764,-0.526768,0.212221,-0.23571,-0.076257,-1.57876,-0.320134,0.193112,0,0,0,0,
0.765868,0.074931,-0.131251,-1.55633,-0.567086,0.145709,-0.146132,0.169803,0.725539,1.68891,1.47534,0.366952,-0.644935,-1.63369,-0.34419,1.17121,0.760002,0.564526,1.22663,0.85645,-1.60122,-0.0368688,0.283555,-0.0494012,-0.291012,0.874096,0.31418,0,0,0,0,
-0.355124,-0.0538959,-0.347635,-0.191021,0.302177,-0.578267,-0.361713,-0.705954,0.0393428,-0.48297,-0.158887,0.0832985,-0.0757136,0.27911,-0.486012,0.274309,0.403037,0.152926,0.425572,0.0836165,-0.331135,-0.0164523,-0.0410058,-0.782807,-0.211301,0.246934,0.279423,0,0,0,0,
0.00668266,-0.182106,0.599596,1.21791,0.0852151,0.228008,0.112348,-0.383992,-0.64285,-0.730629,-0.344287,-0.296962,0.34013,1.20602,0.376702,-0.640612,-0.29489,-0.503784,-0.741989,-0.676608,0.909773,-0.878719,-0.0383513,-0.101561,-0.280201,-0.385374,-0.199365,0,0,0,0,
0.172515,0.729812,-0.770473,-1.18794,-0.228317,0.295699,0.780447,0.157976,0.715985,0.405466,0.295411,-0.204751,0.982097,-0.412863,0.232257,-0.487357,-1.24706,-0.38485,0.318344,0.447502,0.182768,-0.427443,-0.219806,1.32077,0.80259,0.229473,-0.66501,0,0,0,0,
-1.25346,1.25161,-0.414209,0.0447165,1.12289,0.0581174,0.531408,0.42878,0.278957,-0.191479,-0.328161,-0.634075,0.855244,1.82729,0.0534921,-0.366377,-0.488112,0.551243,1.1095,0.64326,1.00879,1.19806,-1.03485,0.662007,1.32479,0.113352,-1.18929,0,0,0,0,
0.620805,0.399414,0.562735,-0.0652453,0.00459894,-0.522935,-0.401216,0.591889,-0.499794,-0.571165,-0.219209,0.230313,-0.548022,-0.138772,-0.451716,-0.0430074,0.561,0.245232,-0.901634,-0.0623179,-0.371857,-0.473103,0.220966,0.120585,-0.36389,-0.690891,0.667342,0,0,0,0,
0.0326423,-0.425293,0.0144742,-0.237395,-0.157183,0.558479,0.571671,-0.0403229,0.419442,0.493825,0.0381163,0.0743389,0.157795,-0.617477,0.142115,-0.0102381,-0.771147,-0.013179,-0.313912,0.18144,0.111751,-0.967969,0.355035,-0.0792715,0.897102,-0.190005,0.266958,0,0,0,0,
-0.682498,-0.723432,-0.285055,-0.949837,0.732856,0.161723,-0.00322999,-0.785128,-0.0489546,0.942479,0.344227,-0.240826,0.539103,-0.136614,-0.369902,-0.1394,0.485877,0.245124,0.909274,0.388873,-0.446417,0.608826,-0.754091,-0.125186,-0.0992062,0.163328,-0.827163,0,0,0,0,
2.36621,-0.112171,1.43209,1.4474,-0.866771,-0.782282,-0.605874,-0.139005,-0.598113,-2.30527,-0.876955,0.789683,-0.866061,0.267879,-0.508545,-0.12217,-0.390148,-0.63643,-2.31977,-0.766861,-0.258588,-1.12916,1.30771,-1.37497,-0.558043,-0.74071,2.20758,0,0,0,0,
-1.1652,0.619933,-0.793644,-1.51431,-0.610355,1.01225,1.04596,0.101251,0.400121,1.84136,1.91523,-0.265635,0.980641,-0.579264,0.360592,0.0740292,0.0488579,-0.476562,0.713825,0.171315,-0.481672,0.650751,0.29502,1.09378,-0.660004,0.333155,-0.443647,0,0,0,0,
-0.408032,0.701699,-0.976804,1.40012,0.187425,0.866123,0.555649,1.06728,-0.350298,-0.205156,0.137136,-0.423863,0.803461,1.97928,0.449396,-1.15367,-0.888492,-0.463163,-0.896185,-0.22248,0.95638,0.493379,-0.483087,0.658211,0.445018,-0.769239,-0.766708,0,0,0,0,
2.0909,0.568958,2.13669,1.56208,-0.186281,-1.53807,-0.118071,0.458956,-1.33885,-3.91812,-3.09611,0.701034,-0.254951,0.80123,-0.078957,-0.903168,-0.353285,-0.3993,-1.98477,-0.735095,1.14899,-1.0105,0.411432,-1.57364,-0.514187,-0.927701,1.51066,0,0,0,0,
-0.791642,0.0392155,-0.798119,-3.07781,0.109343,-0.545544,-0.719873,-0.315555,2.44194,2.7364,1.81103,-1.03938,-0.902386,-2.79463,0.254221,1.489,-0.42219,0.998657,1.84088,0.604701,-0.344657,-0.204902,-0.0300432,-0.188367,2.11901,1.20484,-1.44888,0,0,0,0,
-1.05225,0.750936,-0.746882,-2.24724,1.21482,0.711337,0.0992283,0.359384,0.217099,1.28124,0.13316,-0.935121,1.21147,-1.10896,-0.338716,0.158404,-0.912147,0.0733089,1.73456,0.624843,0.59954,0.459893,-0.657792,0.510405,1.19893,0.800503,-1.7044,0,0,0,0,
-0.907031,1.078,-0.492981,-2.32552,0.460958,0.872961,1.00572,0.211304,0.3496,1.42942,0.935592,-0.586313,0.320078,-1.29984,0.590368,0.0722747,-0.341417,0.280933,1.40474,0.489741,0.00801709,0.568821,-0.90207,1.10411,1.18938,1.32386,-0.556452,0,0,0,0,
-0.191922,0.0179387,0.017536,-0.0575819,0.280859,0.0832015,-0.13825,0.373109,0.291679,1.28813,1.01187,-0.419916,-0.228189,-0.600845,-0.327538,0.371337,0.387449,0.137045,0.530049,0.0858855,-0.576583,0.234078,0.046799,-0.117262,-0.85947,0.310934,0.0932273,0,0,0,0,
-0.226694,0.429807,-0.566615,-0.290426,-0.0604884,0.199986,-0.206174,0.344399,0.908561,-0.001849,-0.379181,-0.890314,-0.112224,-0.377987,0.235238,-0.17243,-0.605179,0.492373,0.606073,0.0778905,0.0589295,-0.11181,-0.216627,0.139328,1.49956,-0.4423,-0.790708,0,0,0,0,
-1.71382,0.142806,-1.57185,-4.9956,0.370839,0.845044,-0.282769,0.193616,2.11171,5.17885,2.91624,-1.74542,-0.874489,-3.70626,-0.164588,2.33098,0.642921,1.62654,3.55934,3.12608,-1.63757,0.775483,-0.948056,1.12547,1.96508,2.20573,-1.87933,0,0,0,0,
-0.345653,0.413973,-0.12847,0.47329,0.203178,0.310689,-0.474617,0.370736,-0.477124,-0.680119,-0.561785,-0.599669,0.824343,0.835269,0.246224,-0.38892,-0.292298,0.183753,-0.474135,-0.239296,0.57181,-0.0153552,-0.922831,0.245652,0.224662,-0.399878,-0.211269,0,0,0,0,
0.582019,0.309202,-1.18009,0.540112,-0.666168,0.334786,-0.615578,-0.0314487,0.905966,-0.740347,-1.02067,1.25264,0.819515,-1.33654,-0.25067,0.751655,-0.0539997,0.669137,0.396451,1.00518,-0.22069,-0.665871,0.39677,0.39893,0.975912,0.34032,-0.0137879,-0.994474,0.838136,0,0,
1.77402,0.792395,-0.684357,-0.55357,-0.0502347,-0.627518,-0.274005,-0.661391,1.91003,1.30575,-2.50806,0.820917,2.43545,0.544685,0.719449,1.04148,0.273319,0.761802,-0.835202,1.6995,1.92363,-0.619985,0.0395471,-0.92714,1.37825,0.252687,-0.632001,-1.13993,-1.93012,0,0,
0.548896,-0.064325,-0.0863696,0.70004,-0.486057,0.00072966,-0.220867,0.404306,0.381823,0.459171,-0.649095,-0.0850489,0.807506,-0.798961,0.12707,0.23246,-0.0654991,0.244005,0.552816,0.664007,-0.479558,-0.0718177,-0.0860344,-0.356119,0.521798,-0.350425,-0.286337,-0.520026,-0.417996,0,0,
0.865511,0.875336,-0.0799685,-0.828608,-0.0979572,-0.94768,0.293551,-0.94142,1.70042,1.44269,-1.62158,0.264168,1.99726,0.0543594,0.371262,0.69437,0.330964,0.782906,-0.758176,1.99032,1.5572,-0.889572,-0.114725,-0.929715,1.85968,-0.162979,-0.622906,-0.867629,-1.61562,0,0,
1.26493,1.51814,-0.373207,-0.237429,-0.360154,-0.0909662,0.837491,-0.563428,1.48763,1.37155,-2.65972,1.06613,1.06927,-0.331786,0.590556,0.40063,-0.482373,0.385225,-0.242742,2.15801,1.13657,-1.60284,0.539409,-1.30761,1.38254,0.77685,-0.669469,-2.25588,-1.43741,0,0,
1.06913,0.909704,0.197333,0.182355,0.107015,0.163279,0.176103,-0.379782,1.94508,1.12083,-1.62532,0.317684,1.89526,-0.558268,0.499269,-0.253611,-0.545372,0.671354,0.0377546,1.79486,1.3228,-1.70688,-0.386563,-1.10488,1.56826,1.12631,-0.588926,-2.35567,-1.23284,0,0,
-1.37486,-1.35613,-0.0478068,0.800019,0.149896,0.971941,-1.23738,0.962299,-2.27579,-0.235684,1.70802,-0.738546,-2.58171,-1.39359,0.721791,0.0622339,-0.629208,-0.606839,-0.56666,-1.17536,-1.24403,1.5258,-0.705025,1.82015,-1.65363,-1.30929,-0.311036,1.62582,2.16067,0,0,
1.91894,1.83928,-0.347848,-0.922068,-0.176937,-1.02379,1.52453,0.0259441,3.00573,1.48995,-2.65273,0.771782,4.17112,2.46299,-0.142186,-0.0159552,0.973701,2.26832,-0.300325,2.21077,1.96204,-1.39638,1.33199,-2.6496,1.91542,1.70045,0.0477144,-1.95758,-3.23025,0,0,
1.70676,1.67411,-0.130981,0.741549,-1.57468,-0.548179,0.843126,-0.532637,2.12458,0.219543,-0.540185,0.575017,1.79462,-0.436312,0.763266,-1.19734,-0.327146,0.112129,0.166043,1.00456,0.133952,-1.27749,-0.118155,-1.13425,2.0143,1.14958,-0.558425,-2.42069,-0.988441,0,0,
-0.56774,-0.805072,0.080679,0.711133,-0.58299,0.468626,-0.229164,0.369077,0.322047,0.867827,-0.070898,0.129447,-0.216,-0.727159,0.995535,-0.230723,-0.5341,0.0831034,-0.473557,0.547167,-0.00433804,-0.206845,-0.199039,0.0962762,0.291166,-0.117787,-0.801441,-0.585839,0.206956,0,0,
1.84372,1.55909,-1.33793,0.768744,-0.649581,0.357425,0.376775,-0.422641,2.06257,-0.766182,0.271674,0.601552,1.62985,0.771259,0.289326,-0.816388,0.443038,1.23481,0.164972,0.15477,-1.03218,-0.319505,0.281095,-1.45109,1.41871,1.61567,-0.450782,-1.27473,-1.06138,0,0,
-0.592414,0.43231,1.26468,-1.32749,0.662282,-0.714417,0.358015,-1.01987,-0.557831,0.928489,-1.34147,-0.266665,0.436641,0.379792,-0.449941,0.797206,-0.0658821,-0.117587,-0.295376,0.846142,1.69135,-1.87826,0.213028,-0.328151,-0.356753,-0.700138,0.650836,-0.119036,-0.431839,0,0,
-0.928027,-1.11198,-0.494919,1.76103,-0.140541,0.198067,-0.891016,0.492262,-1.93672,-1.45639,2.20561,-0.500202,-2.55083,-1.79699,-0.29722,-0.289235,0.0367612,-1.8846,-0.0385454,-2.13078,-1.55969,1.72938,-0.474859,2.42174,-1.73102,-1.70777,-0.31654,1.74151,1.32363,0,0,
0.254788,-0.602226,0.0879774,-0.258788,0.865343,-0.269711,-0.105526,0.480972,0.472579,-0.786582,0.731219,0.00458232,0.998419,1.54357,-0.86411,0.760753,0.712893,0.685471,-0.062237,0.125528,0.015972,0.844919,0.0674144,-0.538863,0.165476,0.248712,0.333538,0.467403,-0.885472,0,0,
-0.879364,-1.53885,-0.325282,2.06915,0.116614,-0.100676,-0.609637,0.346551,-0.974081,-1.04009,1.34204,-0.701758,-1.62714,-2.54591,0.0156906,0.177199,-0.46819,-0.863175,0.383921,-0.787911,-0.800385,0.737607,-0.302585,2.00674,-0.396046,-0.706859,0.506485,1.20183,1.18189,0,0,
-0.27707,-0.807577,0.368403,-1.00977,0.656759,-0.0083066,-0.212171,0.512624,-0.903262,0.320663,0.0130563,-0.0918333,-0.436016,1.03517,-0.514877,0.648693,0.323581,-0.304202,-0.372319,-0.197825,0.517529,0.358909,0.0569913,0.291029,-1.04673,-0.878896,0.00302093,1.80461,-0.0466964,0,0,
0.775141,1.91853,-0.433661,1.01379,-0.711412,-0.147546,0.327543,-0.826024,1.61322,-1.24045,0.551991,0.419438,1.5408,0.0521543,0.0614329,-1.08521,0.348688,0.693374,0.551217,-0.152793,-1.1645,-0.405656,-0.17424,-1.1973,1.48385,1.64923,-0.230091,-0.860579,-0.727109,0,0,
-0.466055,0.100871,-0.408483,0.793496,-0.559755,0.146336,0.12094,-0.835077,-0.277589,0.203725,0.12777,-0.361099,-1.42523,-1.54197,0.51524,0.349187,-0.864555,-0.968744,-0.801011,0.0536225,0.135115,0.810996,0.344374,0.947539,-0.413899,-1.67844,0.160493,0.849395,0.579912,0,0,
2.08202,0.0780993,0.724223,-0.0549853,0.0804026,-0.470622,0.292906,0.218828,1.37011,1.98691,-1.93801,0.690061,3.35137,1.40176,0.390589,-0.407456,1.0399,1.62544,-0.549586,1.85184,1.73475,-0.646428,0.189096,-2.22231,0.745961,1.16708,-1.36289,-1.49176,-2.69592,0,0,
0.231553,-0.275546,-0.0672816,0.0948689,0.354673,-1.22976,0.195483,-0.225508,0.368694,0.536755,-0.665143,-0.158265,1.52269,-0.123134,-0.317898,0.224833,-0.0636445,-0.0864043,0.0732048,1.20242,1.54388,-0.686154,-0.213626,-0.86192,0.77651,-0.0516221,0.0963136,-0.324259,-1.22236,0,0,
-3.68807,-2.19849,0.247895,0.52972,0.626786,0.0420638,-0.957175,0.0829227,-4.24729,-1.18384,2.0647,-1.67433,-6.20541,-3.34808,-0.908839,1.79487,-0.950853,-3.25766,-0.454302,-2.954,-1.14638,1.91395,-0.289836,3.69623,-3.79647,-3.97597,1.83827,4.05001,4.32089,0,0,
0.809027,-0.516257,0.656435,0.597139,0.504583,0.809762,-0.697698,1.30014,-0.792115,-0.326518,0.393539,0.0839934,-0.0501948,0.31348,0.234646,-1.06118,0.206059,0.250766,0.580066,-0.644087,-0.532763,0.301348,0.259989,-0.54621,-0.294897,0.199952,-0.972507,-0.459863,-0.666968,0,0,
0.701611,-0.0362174,-0.546855,0.197012,-0.038007,1.55887,0.0709161,1.41448,-0.351201,-2.3093,1.48982,0.477857,0.28817,0.85001,-0.147999,-0.18944,1.66165,0.712668,0.452695,-0.819933,-1.58305,1.45309,0.284063,-0.21535,-0.826024,1.08693,0.415548,0.103779,-0.203294,0,0,
-0.108963,1.42695,-0.502793,-0.960562,-0.464047,-0.405692,0.840235,-1.53676,1.54251,1.98659,-3.26648,0.547312,0.274769,-1.26942,0.455329,0.606811,-1.95677,0.0431629,-1.508,1.4902,1.12955,-1.74456,-0.0896852,-0.0890941,1.5411,-1.05264,-0.0582811,-1.42615,0.207194,0,0,
1.51408,1.59086,0.535666,-1.83097,-0.276124,-1.15311,1.24956,-0.571211,3.60056,2.16973,-3.37887,0.671713,4.27499,1.90436,0.802867,-0.6492,-0.146785,2.0766,-0.481432,3.12295,2.41727,-2.94975,0.695862,-2.81999,2.15208,2.05428,-0.694512,-3.20619,-3.19313,0,0,
0.293111,-0.342775,0.228386,-0.444487,-0.0782285,-0.0393828,0.172938,0.628041,0.0546784,-0.310856,0.643045,-0.814034,0.63069,1.10183,-0.695777,-0.483478,0.196525,-0.180338,0.0254804,-0.537884,-0.199906,0.279786,-0.00775199,-0.520347,0.542042,0.63216,-0.0992817,0.0300697,-0.707759,0,0,
0.266018,0.57356,-0.444745,0.255958,-0.55822,0.558653,0.427396,0.261445,0.289787,-0.744488,0.279209,-0.358923,-0.437535,0.242859,0.434738,-0.45534,0.745789,-0.21323,-0.0514489,-0.0298889,-1.0232,0.630859,-0.221835,0.160337,-0.178441,0.0709351,-0.0640137,-0.0770581,0.366712,0,0,
-0.810978,0.157881,-0.123844,1.03228,-0.674746,0.802632,0.304579,0.313962,-0.916565,-2.77922,2.59324,-0.648255,-2.17633,-1.04985,-0.624272,-0.772651,-0.519432,-0.842728,1.28666,-2.51827,-2.24142,0.6506,-0.427157,0.955606,-0.416435,0.347266,0.218806,0.362479,1.89001,0,0,
-1.01523,-0.427561,-0.303687,-0.155709,0.34095,0.0932777,0.449752,-0.120239,-0.681381,-0.127076,0.295178,-0.606286,-1.29496,-0.401168,0.0753663,0.607255,-0.485609,-1.05194,-0.301252,-0.740247,-0.378043,0.446708,0.441345,0.847233,-0.833453,-0.936002,0.340419,1.26315,1.27337,0,0,
5.92995,-2.02916,8.10876,-1.02498,-5.20037,-3.33319,-5.55933,0.736709,-5.50677,18.5829,15.4951,-10.0968,8.25344,-2.54499,-9.49267,-8.72027,-9.32991,-0.42775,9.65147,-4.2782,-1.13839,4.92342,-0.732296,0.919804,2.5519,2.19693,-5.8843,-3.9506,1.09337,-1.8365,-2.5469,
-3.14247,-0.0500376,-3.0237,-2.62419,-0.161376,0.477556,1.14936,0.88521,2.12813,-4.57217,-3.74117,2.27,-2.48922,-1.04695,2.4911,0.990122,1.58404,0.739027,-1.8316,0.368199,-0.524206,-0.233342,0.177932,-1.00519,0.0757827,-1.87211,2.55501,0.4496,0.0595238,-0.561502,2.05746,
-0.0474453,-2.0177,2.49353,-5.08197,-3.4941,-0.41054,-3.53557,0.382738,-0.552101,6.76891,3.81884,-2.45401,1.83247,-3.67257,-3.41096,-4.66348,-3.58884,0.360323,2.68719,-3.71719,-0.900167,2.87008,-1.52236,-1.36003,1.95642,-2.99463,-1.17727,-1.51794,0.53218,-1.28896,0.574588,
-0.00369957,-1.08748,1.18805,-0.604653,-2.70939,-1.38194,-1.08337,1.29628,-0.902783,2.85707,3.43218,-2.15643,1.91904,-0.229594,-1.9428,-1.63919,-2.60333,-0.439613,2.02128,-1.2073,-0.315473,1.39272,-0.600147,-0.582387,0.739218,0.945038,-0.778461,-0.767648,0.831512,-0.964556,0.473541,
0.938928,-0.143701,-0.302988,3.73878,-0.342177,-1.988,1.01447,0.826342,-1.04325,0.255667,1.86811,-1.9207,1.33013,2.43115,0.439462,1.05642,-1.63379,-0.621401,1.63513,0.520372,-0.0525132,0.247376,1.07875,1.32485,1.26125,3.81931,-0.65258,-0.643674,0.543887,-0.59732,-1.00936,
-1.14294,1.78578,-3.22016,3.59719,1.34345,-1.01442,3.82702,1.56016,-0.415053,-6.15362,-3.20115,0.338135,-0.320924,2.28628,3.41091,3.59808,1.27613,-0.272101,-1.53441,1.69157,-0.226429,-1.13998,2.68205,1.10859,-0.458648,3.04333,1.12509,-0.0310305,-0.215989,-0.512189,-0.536696,
-3.18498,0.892648,-4.59069,1.79995,3.70473,1.87632,3.85188,-0.241479,3.57014,-10.5002,-9.03112,5.97521,-3.56459,1.97199,5.23396,5.1964,5.05402,-0.327033,-5.84419,2.60463,0.998164,-2.79402,0.446654,-0.0615445,-1.21592,-0.640762,3.24913,2.03613,-1.13333,0.466015,1.51839,
-2.61538,2.22998,-6.30699,4.5756,5.17203,1.45023,5.48562,0.31554,3.49248,-14.8803,-11.366,5.5642,-5.44684,3.68183,7.67804,7.36729,6.1048,0.190374,-5.79818,4.32836,0.956993,-4.70315,1.55911,0.945305,-2.88451,0.941579,4.3596,3.55292,-0.152246,1.53981,0.241025,
9.5664,-8.5224,20.7719,-17.2807,-15.6656,-3.17944,-20.7311,-1.39999,-9.47217,49.5053,34.8239,-18.7661,14.4374,-15.9401,-26.2192,-25.7957,-19.2061,1.07401,19.113,-12.882,-2.95901,14.132,-7.42523,-3.39577,7.43798,-7.44407,-13.9432,-8.75973,1.99115,-3.48256,-2.17082,
-1.01918,-0.105122,0.751412,-2.78767,-0.45095,0.851023,-0.906659,-0.205551,1.09754,1.79845,0.270502,2.00006,-0.21533,-1.63227,-1.37957,-0.389832,0.574212,0.392292,-1.04294,-0.244945,0.472849,0.738107,-1.48319,-1.15215,0.134318,-2.42054,0.588741,-0.217642,-0.224786,0.0738723,0.559426,
0.608921,0.903576,0.426544,-0.918177,0.45978,1.20008,-0.597125,-0.245832,0.704138,0.165673,-1.11587,-0.131471,-0.829803,-1.9823,-0.290059,-0.481101,0.520225,0.931522,-0.55324,0.574122,0.00633481,-0.110986,-0.00340496,-0.265604,-0.486037,-1.30503,0.376966,0.748563,0.570434,-0.0746423,-0.987175,
4.99749,-4.96727,9.72857,-6.69327,-8.17194,-2.88355,-9.06457,-0.994752,-5.02508,24.2509,18.6883,-10.1978,7.95929,-5.80232,-12.6259,-11.7104,-10.6926,-0.0772397,10.7554,-6.36194,-1.63045,6.2095,-3.0969,-1.53522,3.94135,-1.79426,-7.29294,-4.8418,0.740631,-2.21919,-1.07749,
-2.06865,1.11124,-3.43204,2.52482,3.68232,1.63321,3.22627,-0.840878,1.81406,-9.45998,-7.90823,4.98342,-3.28913,2.5546,5.11207,4.74658,4.98275,-0.12956,-4.88472,2.66387,0.667171,-3.8747,0.833757,0.560168,-1.76873,0.513042,2.84063,2.44469,-0.437539,1.42931,0.820709,
0.229605,2.82972,-2.51087,5.01911,2.0079,-0.349687,3.67599,2.02523,-0.50763,-6.90058,-3.52852,-0.0254643,-0.571179,3.0435,3.73982,3.73774,2.03464,-0.356586,-0.534226,1.58555,0.67422,-1.67147,2.90094,2.32081,-1.86286,3.93843,1.3798,1.44358,0.10912,0.142837,-1.28245,
0.431862,0.756941,-1.56476,3.62873,0.228415,-2.47449,3.04295,1.40155,-1.45979,-3.04924,0.598679,-1.26569,1.17858,3.40645,2.87247,2.91614,-0.791895,-1.75366,1.05204,0.74878,-0.342924,-0.567949,1.94436,1.41293,0.266932,5.31926,-0.397967,-0.165781,0.0298685,-0.306618,-0.492989,
-2.53355,3.24985,-5.99863,3.60065,3.59573,0.504245,6.04409,0.784627,3.03293,-13.2911,-9.36646,4.73215,-3.86382,2.84974,6.82648,7.05968,4.60247,-0.15637,-4.76543,3.17404,0.797207,-3.33892,1.97632,1.79609,-1.80126,1.69829,4.04403,2.22142,-0.597621,1.56289,0.330708,
-0.0453695,1.18239,-0.923433,2.74921,0.771658,-0.64701,1.32055,1.3862,-1.2401,-2.46837,-0.725135,-1.15871,0.326988,1.71295,1.86095,1.03185,0.350161,-0.599118,0.288425,0.50943,-0.0625321,-0.697413,1.68612,1.10695,-0.431395,2.87634,-0.157054,-0.500034,0.268357,-0.410044,-0.739639,
-0.558244,-0.215954,-2.31686,1.65734,1.50209,-0.152754,2.95052,-0.733967,1.72372,-5.72872,-3.57891,3.69676,-1.56856,2.82553,2.86502,4.11659,2.2028,-0.49858,-2.34993,1.46717,0.625337,-2.06107,0.02013,-0.00103944,-0.729845,0.652111,1.95331,0.374561,-0.765189,0.822409,1.22015,
7.57396,-4.70488,14.9244,-10.1385,-9.84879,-0.863813,-14.0314,-1.5831,-6.93295,34.38,23.8022,-13.9986,10.0251,-10.9822,-17.9098,-17.2108,-12.7225,1.5093,13.5342,-7.68926,-2.09055,10.0618,-3.74562,-1.86843,3.91439,-4.00295,-9.57825,-5.97804,2.11597,-2.21719,-3.66336,
1.25632,-2.54496,5.03725,-4.97435,-3.23018,-0.378392,-5.56557,-0.925638,-2.06836,10.7722,6.32671,-3.75279,2.64894,-5.0126,-6.01483,-6.6928,-3.40781,0.22087,3.70084,-3.3648,-0.389281,3.18326,-2.44482,-1.42594,1.29274,-3.05514,-3.14437,-1.76479,0.315964,-1.38453,0.153762,
-3.67826,2.69833,-7.66223,3.96656,4.90789,0.905033,6.69044,0.34571,3.51073,-15.5221,-11.5559,7.85327,-4.48797,4.40282,8.04697,8.71782,6.69401,-0.987239,-7.11702,4.1156,1.54325,-3.9904,1.33715,0.572642,-1.99071,1.724,4.89812,2.2881,-1.20049,1.65131,1.33364,
-2.92433,4.56576,-7.55226,7.79623,5.93111,0.887196,7.84259,2.09776,2.46249,-19.4032,-12.9165,4.82626,-4.9355,5.5046,10.469,9.27685,7.24542,0.0747654,-6.18039,4.66116,1.00364,-5.67132,4.28987,1.76312,-3.66232,4.28203,4.76801,4.19843,0.260806,1.67298,-0.176711,
8.79772,-6.3479,18.3116,-10.5118,-11.9256,-2.3364,-16.6638,-0.942397,-9.39347,40.5992,28.5832,-17.5854,12.4517,-11.1807,-21.5088,-21.4006,-16.211,0.482992,17.1023,-9.99903,-2.34552,10.949,-4.47909,-2.09371,5.65286,-3.83616,-12.0311,-6.76713,1.38665,-3.17112,-3.53869,
-6.54884,2.7576,-9.90723,0.368785,6.28732,4.14694,7.39776,-0.936881,7.15428,-20.859,-17.9199,12.8959,-9.45769,2.66117,10.8729,10.2412,10.3435,1.05868,-11.5341,4.27799,0.429121,-5.80308,-0.183121,-1.1363,-3.18758,-3.75838,7.70755,3.95826,-1.66823,2.30634,3.6857,
-3.12385,2.03351,-6.16639,4.5749,4.06763,1.00111,4.86243,0.946403,3.07416,-13.1523,-9.35224,4.73599,-3.82555,4.00232,6.54608,6.53818,4.04091,0.611274,-4.41119,3.50529,0.291001,-3.31385,2.19824,0.795198,-1.49239,1.93084,3.32818,2.41822,-0.17635,-0.190925,1.27303,
11.7434,-7.61596,22.2432,-12.3058,-13.798,-2.91836,-20.1944,-2.71912,-10.1033,49.3886,34.0948,-19.2969,15.1153,-12.9363,-26.0872,-24.7783,-18.2083,0.366752,19.0778,-11.1592,-2.30851,12.6946,-6.28969,-2.00039,6.05884,-5.6266,-14.361,-7.94611,1.70145,-2.87704,-3.9541,
5.37864,-1.54384,7.58801,0.47616,-4.21251,-2.30575,-4.97688,0.0515815,-5.88343,15.5656,13.2585,-8.19288,6.9344,-0.69868,-7.36124,-6.18398,-6.28953,-1.46434,7.28278,-2.65003,-0.236905,3.59302,-0.832274,0.521801,1.96174,2.52633,-5.89761,-2.60056,1.0776,-0.593183,-2.23308,
-0.889618,0.301038,-1.34014,-0.755839,1.53735,1.44343,0.729596,-0.753044,2.32736,-2.82421,-3.1821,3.20225,-1.97784,0.71855,0.67499,2.14134,2.89531,0.718592,-2.63233,1.36068,0.357304,-0.776995,-1.10157,-0.416944,-0.783464,-1.67641,1.33017,0.561514,-0.518642,0.787107,1.09617,
-2.72556,3.50527,-7.00572,6.62283,6.68746,1.63424,7.05056,-0.0911511,3.30495,-17.2621,-12.6205,6.66352,-5.64302,5.62888,9.18316,9.28513,7.28587,0.335623,-7.69855,4.86952,1.65868,-5.59818,2.76049,1.49023,-3.33549,2.23488,4.73559,3.44478,-1.26496,1.66409,0.881439,
6.74455,-6.14096,15.8686,-15.1241,-11.1691,-0.325707,-16.7029,-2.24466,-5.88041,37.9472,25.5564,-12.9749,9.68119,-13.125,-20.4253,-19.1366,-13.3226,1.68242,13.5885,-9.32457,-2.99466,11.319,-5.89288,-3.22242,5.18537,-7.96772,-9.37843,-6.83953,1.21806,-2.40919,-1.59141,
2.63284,-1.49638,5.85636,-4.22031,-3.30285,0.412982,-6.17251,-0.593683,-2.39549,11.8836,7.67931,-5.17038,3.10183,-4.3739,-5.91124,-6.50852,-3.87603,1.32049,4.42709,-2.75366,-0.761476,3.35319,-1.61167,-1.15645,1.16091,-2.53428,-2.94556,-1.68989,0.397245,-0.926033,-1.35053,
